{
  "START__push_blue_block_right": {
    "success": [],
    "fail": [
      [
        0.025868424822843045,
        -0.2313131826364944,
        0.5712804965677825,
        3.090455184366489,
        -0.02908339967118504,
        1.5001358568296401,
        0.079999265105995
      ]
    ]
  },
  "START__open_drawer": {
    "success": [
      [
        0.025868424822843045,
        -0.2313131826364944,
        0.5712804965677825,
        3.090455184366489,
        -0.02908339967118504,
        1.5001358568296401,
        0.079999265105995
      ]
    ],
    "fail": []
  },
  "open_drawer__turn_on_lightbulb": {
    "success": [
      [
        0.15385706202990695,
        -0.3481121629055655,
        0.3306588872044087,
        2.995068188793822,
        0.03134461588265863,
        1.4608731601714244,
        2.3649405499286658e-06
      ]
    ],
    "fail": []
  },
  "turn_on_lightbulb__move_slider_left": {
    "success": [
      [
        0.32007369739371316,
        0.018939100556278822,
        0.5400438852057322,
        2.981328730152089,
        -0.17375226374037936,
        1.5468962096944694,
        2.5004748532482643e-06
      ]
    ],
    "fail": []
  },
  "move_slider_left__rotate_red_block_left": {
    "success": [
      [
        -0.07790714002298771,
        0.04330611486164404,
        0.6117510405828155,
        3.1298617648607374,
        -0.18342360877270267,
        2.0721236880478813,
        -4.423864719547535e-06
      ]
    ],
    "fail": []
  },
  "rotate_red_block_left__lift_red_block_table": {
    "success": [
      [
        0.21743901842995955,
        -0.11282690442312815,
        0.5077317549517835,
        2.934729768505644,
        0.1218984627111041,
        -3.0538830525561034,
        0.07643174901060569
      ]
    ],
    "fail": []
  }
}